{"cameraMode":{"drawMode":0,"name":"Shaded","section":"Shading Mode"},"sceneLighting":true,"audioPlay":false,"sceneViewState":{"showFog":true,"showMaterialUpdate":false,"showSkybox":true,"showFlares":true,"showImageEffects":true,"showParticleSystems":true},"in2DMode":false,"pivot":{"x":46.207427978515628,"y":0.9624872207641602,"z":33.95804977416992},"rotation":{"x":-0.4841575622558594,"y":0.01732364483177662,"z":-0.009576941840350628,"w":-0.8747742176055908},"size":2.2984015941619875,"orthographic":false}