{"cameraMode":{"drawMode":0,"name":"Shaded","section":"Shading Mode"},"sceneLighting":false,"audioPlay":false,"sceneViewState":{"showFog":true,"showMaterialUpdate":false,"showSkybox":false,"showFlares":true,"showImageEffects":true,"showParticleSystems":true},"in2DMode":false,"pivot":{"x":-28.286272048950197,"y":-47.669898986816409,"z":19.751855850219728},"rotation":{"x":-0.37457504868507388,"y":0.4378405809402466,"z":-0.2075003981590271,"w":-0.7905539870262146},"size":64.74854278564453,"orthographic":false}