{"cameraMode":{"drawMode":0,"name":"Shaded","section":"Shading Mode"},"sceneLighting":false,"audioPlay":false,"sceneViewState":{"showFog":true,"showMaterialUpdate":false,"showSkybox":false,"showFlares":true,"showImageEffects":true,"showParticleSystems":true},"in2DMode":false,"pivot":{"x":-24.989011764526368,"y":-27.5167179107666,"z":4.070701599121094},"rotation":{"x":0.27662548422813418,"y":-0.5984849333763123,"z":0.23147955536842347,"w":0.7154077887535095},"size":49.26921844482422,"orthographic":false}