{"cameraMode":{"drawMode":0,"name":"Shaded","section":"Shading Mode"},"sceneLighting":false,"audioPlay":false,"sceneViewState":{"showFog":true,"showMaterialUpdate":false,"showSkybox":false,"showFlares":true,"showImageEffects":true,"showParticleSystems":true},"in2DMode":false,"pivot":{"x":-23.08452033996582,"y":-25.640981674194337,"z":16.33016014099121},"rotation":{"x":0.27563488483428957,"y":-0.48035624623298647,"z":0.16216030716896058,"w":0.8167526125907898},"size":52.7879753112793,"orthographic":false}