{"cameraMode":{"drawMode":0,"name":"Shaded","section":"Shading Mode"},"sceneLighting":true,"audioPlay":false,"sceneViewState":{"showFog":true,"showMaterialUpdate":true,"showSkybox":true,"showFlares":true,"showImageEffects":true,"showParticleSystems":true},"in2DMode":false,"pivot":{"x":45.54632568359375,"y":3.2888407707214357,"z":23.582347869873048},"rotation":{"x":0.3428818881511688,"y":-0.6093218922615051,"z":0.3291729986667633,"w":0.6346960663795471},"size":5.231707572937012,"orthographic":false}