{"cameraMode":{"drawMode":0,"name":"Shaded","section":"Shading Mode"},"sceneLighting":true,"audioPlay":false,"sceneViewState":{"showFog":true,"showMaterialUpdate":false,"showSkybox":true,"showFlares":true,"showImageEffects":true,"showParticleSystems":true},"in2DMode":false,"pivot":{"x":56.49863815307617,"y":1.3384287357330323,"z":49.84495544433594},"rotation":{"x":0.21839268505573274,"y":-0.15929843485355378,"z":0.05803780257701874,"w":0.9610203504562378},"size":4.746670722961426,"orthographic":false}