{"cameraMode":{"drawMode":0,"name":"Shaded","section":"Shading Mode"},"sceneLighting":true,"audioPlay":false,"sceneViewState":{"showFog":true,"showMaterialUpdate":false,"showSkybox":true,"showFlares":true,"showImageEffects":true,"showParticleSystems":true},"in2DMode":false,"pivot":{"x":51.512840270996097,"y":1.3504445552825928,"z":24.11187171936035},"rotation":{"x":-0.18957193195819856,"y":-0.5837077498435974,"z":0.11478021740913391,"w":-0.781158447265625},"size":7.208041667938232,"orthographic":false}