{"cameraMode":{"drawMode":0,"name":"Shaded","section":"Shading Mode"},"sceneLighting":false,"audioPlay":false,"sceneViewState":{"showFog":true,"showMaterialUpdate":true,"showSkybox":false,"showFlares":true,"showImageEffects":true,"showParticleSystems":true},"in2DMode":false,"pivot":{"x":65.39674377441406,"y":8.953137397766114,"z":42.099998474121097},"rotation":{"x":0.2482544481754303,"y":-0.2743546962738037,"z":0.07355107367038727,"w":0.9261435866355896},"size":4.940680027008057,"orthographic":false}