{"cameraMode":{"drawMode":0,"name":"Shaded","section":"Shading Mode"},"sceneLighting":false,"audioPlay":false,"sceneViewState":{"showFog":true,"showMaterialUpdate":false,"showSkybox":false,"showFlares":true,"showImageEffects":true,"showParticleSystems":true},"in2DMode":false,"pivot":{"x":-92.0240707397461,"y":-83.59657287597656,"z":46.63471221923828},"rotation":{"x":0.2876557409763336,"y":-0.46735167503356936,"z":0.16404573619365693,"w":0.8197696805000305},"size":202.9097900390625,"orthographic":false}