{"cameraMode":{"drawMode":0,"name":"Shaded","section":"Shading Mode"},"sceneLighting":false,"audioPlay":false,"sceneViewState":{"showFog":true,"showMaterialUpdate":false,"showSkybox":false,"showFlares":true,"showImageEffects":true,"showParticleSystems":true},"in2DMode":false,"pivot":{"x":-0.1912471354007721,"y":-0.20993176102638246,"z":-0.03946210443973541},"rotation":{"x":0.268693208694458,"y":-0.5189051032066345,"z":0.17600108683109284,"w":0.7921942472457886},"size":1.2076902389526368,"orthographic":false}