{"cameraMode":{"drawMode":0,"name":"Shaded","section":"Shading Mode"},"sceneLighting":false,"audioPlay":false,"sceneViewState":{"showFog":true,"showMaterialUpdate":false,"showSkybox":false,"showFlares":true,"showImageEffects":true,"showParticleSystems":true},"in2DMode":false,"pivot":{"x":0.0013323351740837098,"y":1.00600004196167,"z":0.0022573471069335939},"rotation":{"x":0.14327067136764527,"y":-0.6605702638626099,"z":0.13047157227993012,"w":0.7253969311714172},"size":2.1309144496917726,"orthographic":false}