{"cameraMode":{"drawMode":0,"name":"Shaded","section":"Shading Mode"},"sceneLighting":true,"audioPlay":false,"sceneViewState":{"showFog":true,"showMaterialUpdate":true,"showSkybox":true,"showFlares":true,"showImageEffects":true,"showParticleSystems":true},"in2DMode":false,"pivot":{"x":65.39674377441406,"y":7.764103889465332,"z":42.099998474121097},"rotation":{"x":0.3527369201183319,"y":-0.14926594495773316,"z":0.05710303783416748,"w":0.9219985604286194},"size":81.48175811767578,"orthographic":false}