{"cameraMode":{"drawMode":0,"name":"Shaded","section":"Shading Mode"},"sceneLighting":false,"audioPlay":false,"sceneViewState":{"showFog":true,"showMaterialUpdate":false,"showSkybox":false,"showFlares":true,"showImageEffects":true,"showParticleSystems":true},"in2DMode":false,"pivot":{"x":-8.793405532836914,"y":-1.1775546073913575,"z":13.796608924865723},"rotation":{"x":0.2162500023841858,"y":-0.3023105263710022,"z":0.07065922021865845,"w":0.925714910030365},"size":12.003110885620118,"orthographic":false}