{"cameraMode":{"drawMode":0,"name":"Shaded","section":"Shading Mode"},"sceneLighting":false,"audioPlay":false,"sceneViewState":{"showFog":true,"showMaterialUpdate":false,"showSkybox":false,"showFlares":true,"showImageEffects":true,"showParticleSystems":true},"in2DMode":false,"pivot":{"x":-26.173442840576173,"y":-25.83072853088379,"z":1.6509735584259034},"rotation":{"x":0.2652605473995209,"y":-0.6069319248199463,"z":0.2253739833831787,"w":0.7145450711250305},"size":45.77379608154297,"orthographic":false}