{"cameraMode":{"drawMode":0,"name":"Shaded","section":"Shading Mode"},"sceneLighting":false,"audioPlay":false,"sceneViewState":{"showFog":true,"showMaterialUpdate":false,"showSkybox":false,"showFlares":true,"showImageEffects":true,"showParticleSystems":true},"in2DMode":false,"pivot":{"x":-31.194046020507814,"y":3.3600001335144045,"z":7.119589805603027},"rotation":{"x":0.15899384021759034,"y":-0.708027720451355,"z":0.16878919303417207,"w":0.6671013236045837},"size":23.334524154663087,"orthographic":false}