{"cameraMode":{"drawMode":0,"name":"Shaded","section":"Shading Mode"},"sceneLighting":false,"audioPlay":false,"sceneViewState":{"showFog":true,"showMaterialUpdate":false,"showSkybox":false,"showFlares":true,"showImageEffects":true,"showParticleSystems":true},"in2DMode":false,"pivot":{"x":7.469137191772461,"y":-1.0969657897949219,"z":-0.19724655151367188},"rotation":{"x":-0.34072598814964297,"y":-0.42731210589408877,"z":0.17786020040512086,"w":-0.8183633685112},"size":52.16117477416992,"orthographic":false}