{"cameraMode":{"drawMode":0,"name":"Shaded","section":"Shading Mode"},"sceneLighting":false,"audioPlay":false,"sceneViewState":{"showFog":true,"showMaterialUpdate":false,"showSkybox":false,"showFlares":true,"showImageEffects":true,"showParticleSystems":true},"in2DMode":false,"pivot":{"x":4.909999847412109,"y":1.5799999237060547,"z":10.489999771118164},"rotation":{"x":0.1842610239982605,"y":-0.4790027141571045,"z":0.10362913459539414,"w":0.8520336747169495},"size":12.00311279296875,"orthographic":false}