{"cameraMode":{"drawMode":0,"name":"Shaded","section":"Shading Mode"},"sceneLighting":false,"audioPlay":false,"sceneViewState":{"showFog":true,"showMaterialUpdate":false,"showSkybox":false,"showFlares":true,"showImageEffects":true,"showParticleSystems":true},"in2DMode":false,"pivot":{"x":0.0034808218479156496,"y":0.004000037908554077,"z":0.047721922397613528},"rotation":{"x":0.11228340119123459,"y":-0.2237190157175064,"z":0.02597474865615368,"w":0.9678658246994019},"size":1.6688612699508668,"orthographic":false}