{"cameraMode":{"drawMode":0,"name":"Shaded","section":"Shading Mode"},"sceneLighting":false,"audioPlay":false,"sceneViewState":{"showFog":true,"showMaterialUpdate":false,"showSkybox":false,"showFlares":true,"showImageEffects":true,"showParticleSystems":true},"in2DMode":false,"pivot":{"x":13.327836036682129,"y":11.275664329528809,"z":-3.6658008098602297},"rotation":{"x":0.06894649565219879,"y":-0.7489197254180908,"z":0.07894223928451538,"w":0.6543926000595093},"size":34.00118637084961,"orthographic":false}